Id,Timestamp,IP_Address
1000,2023-09-02 10:45:08,235.232.89.201
1001,2023-09-02 11:19:00,221.56.62.41
1003,2023-09-02 12:00:07,134.24.104.171
1006,2023-09-02 12:25:47,158.104.91.72
1010,2023-09-02 12:48:39,177.189.209.107
1015,2023-09-02 13:26:09,236.141.192.82
1021,2023-09-02 13:44:37,92.2.202.75
1028,2023-09-02 14:33:15,83.98.85.13
1036,2023-09-02 14:59:26,229.198.64.26
1045,2023-09-02 15:26:18,148.173.175.185
1055,2023-09-02 16:09:18,205.31.51.153
1066,2023-09-02 16:48:57,129.122.223.252
1078,2023-09-02 17:38:43,130.75.29.167
1091,2023-09-02 17:59:57,27.140.61.25
1105,2023-09-02 18:24:54,158.110.182.170
1120,2023-09-02 19:06:00,6.58.243.98
1136,2023-09-02 19:51:51,60.107.22.199
1153,2023-09-02 20:08:57,205.77.244.19
1171,2023-09-02 20:49:20,82.25.242.24
1190,2023-09-02 21:12:51,127.80.48.19
1210,2023-09-02 21:32:24,108.46.62.128
1231,2023-09-02 21:46:57,205.18.218.242
1253,2023-09-02 22:27:42,175.232.99.128
1276,2023-09-02 23:06:13,74.106.211.39
1300,2023-09-02 23:34:34,205.133.48.97
1325,2023-09-03 00:00:06,24.199.138.1
1351,2023-09-03 00:28:37,155.19.13.150
1378,2023-09-03 00:54:27,206.4.40.112
1406,2023-09-03 01:24:47,11.44.180.165
1435,2023-09-03 02:05:06,17.94.42.11
1465,2023-09-03 02:39:09,73.81.1.6
1496,2023-09-03 03:10:58,202.89.194.195
1528,2023-09-03 03:51:27,100.108.82.138
1561,2023-09-03 04:06:26,234.69.223.56
1595,2023-09-03 04:36:58,64.56.114.24
1630,2023-09-03 05:13:49,234.220.179.44
1666,2023-09-03 05:28:33,23.226.213.10
1703,2023-09-03 06:17:11,79.246.54.45
1741,2023-09-03 06:47:14,48.75.71.75
1780,2023-09-03 07:08:51,183.194.53.248
1820,2023-09-03 07:40:54,59.241.144.116
1861,2023-09-03 08:14:40,117.17.7.115
1903,2023-09-03 08:59:15,57.45.64.240
1946,2023-09-03 09:12:48,244.179.244.104
1990,2023-09-03 09:56:24,24.131.15.54
2035,2023-09-03 10:18:56,20.119.237.5
2081,2023-09-03 10:36:42,114.187.164.61
2128,2023-09-03 11:07:11,53.156.156.224
2176,2023-09-03 11:30:17,166.45.80.175
2225,2023-09-03 11:50:45,98.216.41.44
2275,2023-09-03 12:22:15,104.160.137.78
2326,2023-09-03 12:39:48,227.8.104.83
2378,2023-09-03 13:22:02,21.226.179.3
2431,2023-09-03 13:37:42,254.31.217.195
2485,2023-09-03 13:58:17,99.223.92.104
2540,2023-09-03 14:26:26,129.111.150.204
2596,2023-09-03 15:03:11,133.170.14.136
2653,2023-09-03 15:29:37,90.26.212.47
2711,2023-09-03 16:03:40,61.86.241.189
2770,2023-09-03 16:28:16,122.206.11.238
2830,2023-09-03 17:01:17,20.135.255.25
2891,2023-09-03 17:16:21,182.21.132.234
2953,2023-09-03 18:05:37,147.203.186.166
3016,2023-09-03 18:26:21,64.94.174.252
3080,2023-09-03 19:03:38,209.126.255.49
3145,2023-09-03 19:49:51,108.90.39.125
3211,2023-09-03 20:05:21,9.143.247.112
3278,2023-09-03 20:38:13,208.23.139.243
3346,2023-09-03 21:11:42,175.37.147.81
3415,2023-09-03 21:47:15,158.119.206.222
3485,2023-09-03 21:59:57,2.137.41.50
3556,2023-09-03 22:28:45,216.245.142.21
3628,2023-09-03 23:12:35,159.93.44.46
3701,2023-09-03 23:56:04,106.43.173.79
3775,2023-09-04 00:33:47,20.202.169.208
3850,2023-09-04 00:55:53,222.126.41.230
3926,2023-09-04 01:31:01,0.147.216.4
4003,2023-09-04 02:11:46,147.101.229.250
4081,2023-09-04 02:57:51,64.242.72.105
4160,2023-09-04 03:27:24,199.4.12.205
4240,2023-09-04 03:44:57,124.73.122.242
4321,2023-09-04 04:06:45,209.158.151.198
4403,2023-09-04 04:42:59,199.242.59.71
4486,2023-09-04 04:55:10,29.10.219.198
4570,2023-09-04 05:31:15,113.10.58.38
4655,2023-09-04 05:56:30,194.136.158.83
4741,2023-09-04 06:39:06,187.178.179.208
4828,2023-09-04 07:08:06,37.216.118.198
4916,2023-09-04 07:18:07,148.17.190.245
5005,2023-09-04 07:56:13,130.224.70.253
5095,2023-09-04 08:30:44,149.5.39.200
5186,2023-09-04 08:49:06,204.107.82.138
5278,2023-09-04 09:02:29,20.47.230.176
5371,2023-09-04 09:14:14,178.103.169.125
5465,2023-09-04 10:03:26,151.146.161.164
5560,2023-09-04 10:34:48,135.52.80.159
5656,2023-09-04 11:14:58,119.119.123.172
5753,2023-09-04 11:34:58,203.241.239.72
5851,2023-09-04 12:12:28,180.88.124.117
5950,2023-09-04 12:41:51,145.248.153.143
6050,2023-09-04 13:31:19,173.15.195.197
6151,2023-09-04 14:19:35,218.246.145.208
6253,2023-09-04 14:31:29,207.72.168.141
6356,2023-09-04 15:05:20,191.218.60.93
6460,2023-09-04 15:23:52,60.41.239.79
6565,2023-09-04 15:47:32,87.31.247.232
6671,2023-09-04 16:18:22,36.202.50.171
6778,2023-09-04 17:02:04,226.234.149.23
6886,2023-09-04 17:50:57,75.35.12.232
6995,2023-09-04 18:39:56,42.162.8.17
7105,2023-09-04 19:27:07,53.50.46.177
7216,2023-09-04 20:06:57,52.149.1.173
7328,2023-09-04 20:18:28,233.92.25.214
7441,2023-09-04 20:32:37,173.132.255.47
7555,2023-09-04 20:46:09,233.244.128.119
7670,2023-09-04 21:22:48,19.203.5.52
7786,2023-09-04 21:51:52,94.198.0.95
7903,2023-09-04 22:30:14,82.108.159.112
8021,2023-09-04 22:45:06,72.30.170.51
8140,2023-09-04 23:34:58,147.98.50.204
8260,2023-09-05 00:24:45,169.26.176.205
8381,2023-09-05 00:37:11,161.113.174.154
8503,2023-09-05 01:25:18,87.32.238.192
8626,2023-09-05 01:43:13,2.17.168.137
8750,2023-09-05 02:31:19,84.233.24.86
8875,2023-09-05 02:47:45,8.188.12.153
9001,2023-09-05 03:33:47,251.96.30.184
9128,2023-09-05 03:58:58,109.230.55.58
9256,2023-09-05 04:40:22,18.250.80.219
9385,2023-09-05 05:21:56,227.217.248.130
9515,2023-09-05 06:05:46,33.128.189.197
9646,2023-09-05 06:28:42,52.107.36.15
9778,2023-09-05 07:01:12,97.24.204.252
9911,2023-09-05 07:46:30,20.132.180.187
10045,2023-09-05 08:01:57,40.18.161.89
10180,2023-09-05 08:44:49,7.249.142.49
10316,2023-09-05 09:25:09,9.193.100.32
10453,2023-09-05 09:54:24,77.54.229.125
10591,2023-09-05 10:04:32,48.161.7.223
10730,2023-09-05 10:27:09,151.120.19.137
10870,2023-09-05 11:03:48,161.10.92.150
11011,2023-09-05 11:37:47,149.134.249.205
11153,2023-09-05 12:12:40,67.41.127.165
11296,2023-09-05 12:51:39,249.51.5.90
11440,2023-09-05 13:11:20,90.32.19.121
11585,2023-09-05 13:28:25,201.244.144.255
11731,2023-09-05 13:47:05,195.202.48.12
11878,2023-09-05 14:11:13,152.210.85.36
12026,2023-09-05 14:45:56,196.96.122.168
12175,2023-09-05 15:07:03,97.166.154.87
12325,2023-09-05 15:38:51,215.232.63.230
12476,2023-09-05 16:21:58,207.212.85.99
12628,2023-09-05 17:04:17,33.177.104.215
12781,2023-09-05 17:47:25,254.66.26.133
12935,2023-09-05 18:32:40,3.92.40.65
13090,2023-09-05 18:43:22,227.144.227.225
13246,2023-09-05 19:15:09,112.137.155.132
13403,2023-09-05 19:35:14,45.121.53.193
13561,2023-09-05 19:54:58,58.68.237.90
13720,2023-09-05 20:24:54,57.138.145.26
13880,2023-09-05 20:47:05,38.112.210.181
14041,2023-09-05 21:03:11,139.121.201.234
14203,2023-09-05 21:47:32,253.55.5.86
14366,2023-09-05 21:57:50,128.124.127.10
14530,2023-09-05 22:32:17,98.167.63.27
14695,2023-09-05 23:00:59,94.233.240.123
14861,2023-09-05 23:32:10,94.55.105.39
15028,2023-09-05 23:55:14,111.155.87.125
15196,2023-09-06 00:35:43,84.17.44.49
15365,2023-09-06 01:00:18,242.209.28.150
15535,2023-09-06 01:48:01,96.54.115.26
15706,2023-09-06 02:30:46,23.20.224.242
15878,2023-09-06 02:55:25,241.25.71.82
16051,2023-09-06 03:42:57,99.102.157.75
16225,2023-09-06 03:58:51,49.166.226.204
16400,2023-09-06 04:30:44,118.116.210.197
16576,2023-09-06 04:46:55,216.167.115.25
16753,2023-09-06 05:20:40,84.104.108.19
16931,2023-09-06 05:33:41,52.223.141.107
17110,2023-09-06 05:56:03,35.138.140.102
17290,2023-09-06 06:09:39,148.105.59.234
17471,2023-09-06 06:20:17,207.246.12.155
17653,2023-09-06 06:47:43,174.23.215.221
17836,2023-09-06 07:06:52,238.169.150.140
18020,2023-09-06 07:55:07,189.16.145.152
18205,2023-09-06 08:31:07,233.6.92.225
18391,2023-09-06 09:05:43,236.153.72.224
18578,2023-09-06 09:54:11,59.73.195.148
18766,2023-09-06 10:12:51,128.183.44.67
18955,2023-09-06 11:01:27,16.71.157.58
19145,2023-09-06 11:40:54,207.100.222.121
19336,2023-09-06 11:53:18,97.131.59.55
19528,2023-09-06 12:24:54,245.145.46.52
19721,2023-09-06 12:52:57,141.152.47.140
19915,2023-09-06 13:07:33,123.15.18.25
20110,2023-09-06 13:39:57,115.203.143.107
20306,2023-09-06 14:29:41,30.30.102.154
20503,2023-09-06 15:18:58,246.146.72.219
20701,2023-09-06 16:02:32,164.128.158.20
20900,2023-09-06 16:29:20,55.251.61.178
21100,2023-09-06 17:18:00,46.28.189.113
21301,2023-09-06 18:34:22,93.93.218.134
21503,2023-09-06 19:43:10,10.29.28.138
21706,2023-09-06 20:45:52,22.113.25.197
21910,2023-09-06 21:45:33,87.61.127.25
22115,2023-09-06 23:23:38,136.32.44.119
22321,2023-09-07 00:39:08,136.200.253.26
22528,2023-09-07 01:19:51,162.124.143.161
22736,2023-09-07 02:03:51,178.226.26.255
22945,2023-09-07 03:40:04,219.229.187.181
23155,2023-09-07 04:35:20,88.239.96.153
23366,2023-09-07 05:51:04,163.131.23.78
23578,2023-09-07 06:41:48,75.177.21.23
23791,2023-09-07 07:03:02,225.208.194.76
24005,2023-09-07 08:21:59,58.78.22.86
24220,2023-09-07 09:45:57,106.223.225.87
24436,2023-09-07 10:57:31,81.39.141.159
24653,2023-09-07 11:45:56,177.23.172.97
24871,2023-09-07 12:40:58,135.4.98.149
25090,2023-09-07 13:47:03,76.136.104.21
25310,2023-09-07 14:53:21,112.20.151.5
25531,2023-09-07 15:26:02,238.25.55.163
25753,2023-09-07 16:35:39,90.148.106.11
25976,2023-09-07 16:53:21,57.113.109.28
26200,2023-09-07 17:18:44,71.149.41.222
26425,2023-09-07 18:11:41,222.53.84.95
26651,2023-09-07 19:47:16,70.139.99.188
26878,2023-09-07 19:59:00,37.249.183.173
27106,2023-09-07 20:51:23,207.128.54.216
27335,2023-09-07 21:54:36,133.23.48.152
27565,2023-09-07 22:05:40,86.50.74.152
27796,2023-09-07 23:38:28,255.101.159.237
28028,2023-09-08 00:40:07,32.53.137.27
28261,2023-09-08 01:14:29,215.213.4.124
28495,2023-09-08 01:49:55,189.118.231.225
28730,2023-09-08 02:18:28,117.170.191.62
28966,2023-09-08 03:27:14,235.206.12.20
29203,2023-09-08 03:58:08,38.142.185.153
29441,2023-09-08 04:16:46,54.71.224.17
29680,2023-09-08 05:31:38,66.154.112.33
29920,2023-09-08 06:21:45,22.69.115.142
30161,2023-09-08 07:40:43,223.214.182.6
30403,2023-09-08 08:58:49,41.181.53.3
30646,2023-09-08 09:44:52,96.53.111.125
30890,2023-09-08 10:52:53,178.197.61.233
31135,2023-09-08 11:58:15,51.212.253.110
31381,2023-09-08 13:30:55,189.172.155.161
31628,2023-09-08 13:42:12,99.139.159.103
31876,2023-09-08 14:45:46,102.50.107.201
32125,2023-09-08 15:22:18,23.102.146.34
32375,2023-09-08 15:49:43,91.49.151.191
32626,2023-09-08 16:49:32,102.53.246.126
32878,2023-09-08 17:14:03,5.236.154.17
33131,2023-09-08 18:18:56,170.37.83.120
33385,2023-09-08 19:46:15,222.242.182.124
33640,2023-09-08 20:12:49,221.203.203.185
33896,2023-09-08 21:22:52,16.200.54.167
34153,2023-09-08 23:00:22,102.175.246.21
34411,2023-09-08 23:56:10,137.3.148.172
34670,2023-09-09 00:08:22,32.16.180.124
34930,2023-09-09 01:46:47,72.56.117.220
35191,2023-09-09 03:12:19,188.8.221.131
35453,2023-09-09 04:23:29,209.74.163.52
35716,2023-09-09 05:00:00,21.17.174.65
35980,2023-09-09 06:02:42,251.101.10.82
36245,2023-09-09 07:07:12,195.218.45.21
36511,2023-09-09 07:17:25,181.160.49.186
36778,2023-09-09 08:21:45,95.62.25.50
37046,2023-09-09 08:48:31,98.107.92.137
37315,2023-09-09 09:55:17,125.27.82.140
37585,2023-09-09 11:14:57,129.221.6.199
37856,2023-09-09 12:08:34,166.116.183.194
38128,2023-09-09 13:00:05,140.173.89.140
38401,2023-09-09 14:32:12,48.145.150.189
38675,2023-09-09 15:37:28,150.43.248.197
38950,2023-09-09 16:26:16,73.208.194.214
39226,2023-09-09 16:49:03,104.225.99.154
39503,2023-09-09 17:01:08,43.173.124.84
39781,2023-09-09 17:50:05,239.32.154.179
40060,2023-09-09 19:02:08,28.34.79.180
40340,2023-09-09 19:51:55,96.211.197.162
40621,2023-09-09 20:08:57,48.69.65.87
40903,2023-09-09 20:30:26,171.40.164.20
41186,2023-09-09 21:02:36,102.157.252.26
41470,2023-09-09 22:17:40,92.55.68.244
41755,2023-09-09 22:44:01,50.9.42.22
42041,2023-09-09 23:31:52,180.235.17.94
42328,2023-09-09 23:56:11,69.25.249.70
42616,2023-09-10 00:47:52,154.208.160.205
42905,2023-09-10 02:06:00,80.159.17.237
43195,2023-09-10 03:29:17,200.124.84.22
43486,2023-09-10 03:39:36,252.131.221.43
43778,2023-09-10 04:19:59,45.69.138.63
44071,2023-09-10 04:58:59,72.14.58.3
44365,2023-09-10 06:15:18,148.111.53.254
44660,2023-09-10 07:27:49,241.167.96.36
44956,2023-09-10 08:04:17,74.108.135.26
45253,2023-09-10 09:40:18,188.229.148.181
45551,2023-09-10 10:14:07,234.60.7.202
45850,2023-09-10 10:59:42,9.226.152.85
46150,2023-09-10 12:12:26,230.48.34.188
46451,2023-09-10 12:26:34,170.44.244.28
46753,2023-09-10 14:05:43,29.203.122.73
47056,2023-09-10 15:30:31,196.194.234.0
47360,2023-09-10 16:23:04,16.173.162.234
47665,2023-09-10 16:33:10,68.16.211.37
47971,2023-09-10 17:27:52,177.49.238.22
48278,2023-09-10 19:00:20,212.250.240.136
48586,2023-09-10 20:08:12,56.56.121.15
48895,2023-09-10 21:16:47,162.227.205.9
49205,2023-09-10 21:46:55,244.118.78.113
49516,2023-09-10 22:30:25,37.179.109.213
49828,2023-09-10 22:42:46,234.123.75.136
50141,2023-09-11 00:15:36,168.100.207.58
50455,2023-09-11 00:37:52,159.177.109.126
50770,2023-09-11 01:06:27,212.70.233.236
51086,2023-09-11 01:23:40,25.101.18.70
51403,2023-09-11 02:13:13,135.237.72.254
51721,2023-09-11 03:07:21,246.186.136.133
52040,2023-09-11 03:53:37,171.82.24.184
52360,2023-09-11 04:40:29,66.75.117.236
52681,2023-09-11 06:13:46,181.61.187.99
53003,2023-09-11 07:45:12,240.198.72.18
53326,2023-09-11 08:16:18,109.24.64.216
53650,2023-09-11 09:22:53,177.142.192.107
53975,2023-09-11 10:57:31,165.122.107.126
54301,2023-09-11 12:04:09,163.245.131.43
54628,2023-09-11 13:14:38,177.96.169.16
54956,2023-09-11 14:02:06,210.102.144.143
55285,2023-09-11 14:12:37,199.124.138.138
55615,2023-09-11 15:22:39,129.180.166.218
55946,2023-09-11 16:18:42,235.254.228.195
56278,2023-09-11 16:41:37,53.11.138.108
56611,2023-09-11 17:47:12,112.91.162.90
56945,2023-09-11 19:06:44,27.255.109.103
57280,2023-09-11 20:38:30,69.15.200.216
57616,2023-09-11 21:02:05,243.75.117.245
57953,2023-09-11 22:06:25,185.73.238.152
58291,2023-09-11 23:42:29,148.247.222.124
58630,2023-09-12 01:09:39,208.193.82.249
58970,2023-09-12 01:46:59,227.170.113.102
59311,2023-09-12 02:42:43,138.224.180.3
59653,2023-09-12 03:09:11,85.138.147.118
59996,2023-09-12 04:29:49,9.25.180.240
60340,2023-09-12 05:59:15,134.104.54.122
60685,2023-09-12 06:25:14,131.82.69.3
61031,2023-09-12 06:56:18,118.116.187.132
61378,2023-09-12 08:16:37,70.207.13.76
61726,2023-09-12 09:46:28,252.12.247.88
62075,2023-09-12 10:29:16,114.158.89.115
62425,2023-09-12 11:18:06,89.170.69.25
62776,2023-09-12 12:57:03,140.191.227.246
63128,2023-09-12 14:36:18,68.165.134.78
63481,2023-09-12 15:32:43,159.61.139.15
63835,2023-09-12 16:02:01,125.117.6.246
64190,2023-09-12 17:10:57,126.48.129.227
64546,2023-09-12 18:47:59,170.226.173.208
64903,2023-09-12 20:13:19,128.19.50.18
65261,2023-09-12 20:24:44,86.173.191.27
65620,2023-09-12 20:42:09,20.83.7.195
65980,2023-09-12 22:02:59,127.54.95.130
66341,2023-09-12 23:41:21,98.149.27.237
66703,2023-09-13 00:28:32,4.167.133.68
67066,2023-09-13 01:49:37,55.188.141.164
67430,2023-09-13 02:03:53,176.231.250.19
67795,2023-09-13 03:19:34,203.60.182.248
68161,2023-09-13 04:02:59,100.199.8.135
68528,2023-09-13 05:27:09,168.66.238.223
68896,2023-09-13 06:56:59,104.98.122.31
69265,2023-09-13 08:12:29,230.49.198.238
69635,2023-09-13 09:17:19,137.22.101.99
70006,2023-09-13 10:01:21,146.58.237.114
70378,2023-09-13 10:21:54,150.87.41.138
70751,2023-09-13 11:35:23,243.114.61.46
71125,2023-09-13 12:39:23,45.105.15.239
71500,2023-09-13 14:13:28,45.2.221.124
71876,2023-09-13 15:48:49,80.222.129.172
72253,2023-09-13 16:15:04,1.75.60.207
72631,2023-09-13 17:32:47,53.121.107.116
73010,2023-09-13 18:58:21,255.236.95.164
73390,2023-09-13 19:26:58,51.48.11.102
73771,2023-09-13 19:53:49,185.141.106.244
74153,2023-09-13 20:06:51,46.28.117.101
74536,2023-09-13 20:56:51,193.175.54.219
74920,2023-09-13 22:23:41,151.234.163.130
75305,2023-09-14 00:01:14,58.233.21.169
75691,2023-09-14 00:43:43,6.87.58.157
76078,2023-09-14 01:30:05,0.79.105.66
76466,2023-09-14 02:05:03,153.186.166.72
76855,2023-09-14 03:04:28,191.56.184.54
77245,2023-09-14 04:41:03,217.171.179.207
77636,2023-09-14 05:06:24,195.27.39.169
78028,2023-09-14 06:16:55,204.255.32.245
78421,2023-09-14 06:58:56,229.160.221.94
78815,2023-09-14 08:36:27,104.30.204.184
79210,2023-09-14 09:00:34,167.58.163.186
79606,2023-09-14 10:37:01,0.134.196.253
80003,2023-09-14 11:45:35,95.177.113.238
80401,2023-09-14 13:07:55,118.222.93.183
80800,2023-09-14 14:01:20,152.87.16.216
